{
  "project_info": {
    "project_number": "869954867848",
    "firebase_url": "https://authapplication-6bfb2.firebaseio.com",
    "project_id": "authapplication-6bfb2",
    "storage_bucket": "authapplication-6bfb2.appspot.com"
  },
  "client": [
    {
      "client_info": {
        "mobilesdk_app_id": "1:869954867848:android:6cc9fd61361d7abb",
        "android_client_info": {
          "package_name": "com.example.authapplication"
        }
      },
      "oauth_client": [
        {
          "client_id": "869954867848-1h4pte3tktkkc6qla49m5oa4eus811ns.apps.googleusercontent.com",
          "client_type": 3
        }
      ],
      "api_key": [
        {
          "current_key": "AIzaSyDtb90L0vv0B3fAo_0YjFHuVPMuviFVgt4"
        }
      ],
      "services": {
        "analytics_service": {
          "status": 1
        },
        "appinvite_service": {
          "status": 1,
          "other_platform_oauth_client": []
        },
        "ads_service": {
          "status": 2
        }
      }
    }
  ],
  "configuration_version": "1"
}