{
  "project_info": {
    "project_number": "200800225784",
    "firebase_url": "https://my-test-project-4ddb8.firebaseio.com",
    "project_id": "my-test-project-4ddb8",
    "storage_bucket": "my-test-project-4ddb8.appspot.com"
  },
  "client": [
    {
      "client_info": {
        "mobilesdk_app_id": "1:200800225784:android:e5b10ea2b19cfbb9",
        "android_client_info": {
          "package_name": "com.example.testdatabase"
        }
      },
      "oauth_client": [
        {
          "client_id": "200800225784-eja412mpbqqsoggv6kheg8m878j7gvhc.apps.googleusercontent.com",
          "client_type": 1,
          "android_info": {
            "package_name": "com.example.testdatabase",
            "certificate_hash": "4a3e9f0bf4eb7078a1bd64e6dafc27780d017ee6"
          }
        },
        {
          "client_id": "200800225784-0bpf9nmeasmvuppt7pbd9m9l6so9s8vs.apps.googleusercontent.com",
          "client_type": 3
        }
      ],
      "api_key": [
        {
          "current_key": "AIzaSyC9yYv5TJ0IDubCnvJLY55Yu1_xoIJPAzE"
        }
      ],
      "services": {
        "analytics_service": {
          "status": 1
        },
        "appinvite_service": {
          "status": 2,
          "other_platform_oauth_client": [
            {
              "client_id": "200800225784-0bpf9nmeasmvuppt7pbd9m9l6so9s8vs.apps.googleusercontent.com",
              "client_type": 3
            }
          ]
        },
        "ads_service": {
          "status": 2
        }
      }
    }
  ],
  "configuration_version": "1"
}